Employee ID,First Name,Last Name,Age,Department,Email,Salary,Hire Date
1,Keith,Ross,49,Sales,keith.ross@example.com,48731.26,2014-06-28
2,Jason,Lee,32,Sales,jason.lee@example.com,36725.67,2023-05-11
3,Sarah,Valdez,24,Marketing,sarah.valdez@example.com,62459.91,2016-08-19
4,Matthew,Williams,46,HR,matthew.williams@example.com,76928.48,2017-09-20
5,Stephen,Waller,38,IT,stephen.waller@example.com,80759.17,2022-12-04
6,Mathew,Henderson,51,Finance,mathew.henderson@example.com,79159.66,2019-08-28
7,Shawn,Reyes,45,Finance,shawn.reyes@example.com,86303.1,2017-02-02
8,Joshua,Jackson,63,Finance,joshua.jackson@example.com,40332.55,2018-11-19
9,Jamie,Wright,37,HR,jamie.wright@example.com,58277.98,2014-06-24
10,Timothy,Reynolds,62,Sales,timothy.reynolds@example.com,83521.17,2020-12-31
11,Daniel,Hebert,60,HR,daniel.hebert@example.com,61436.77,2018-10-22
12,Katie,Costa,64,Sales,katie.costa@example.com,31233.62,2019-02-11
13,Stacy,Swanson,65,Finance,stacy.swanson@example.com,48013.83,2016-04-19
14,Bradley,Macias,31,Marketing,bradley.macias@example.com,109679.98,2022-11-02
15,Sarah,James,49,Finance,sarah.james@example.com,92114.87,2021-10-31
16,Ricky,Jensen,39,IT,ricky.jensen@example.com,93301.9,2020-09-30
17,Catherine,Frye,48,IT,catherine.frye@example.com,91337.79,2018-12-08
18,John,Cervantes,46,HR,john.cervantes@example.com,96252.1,2020-11-01
19,John,Taylor,36,HR,john.taylor@example.com,81869.49,2020-06-16
20,Geoffrey,Watkins,34,Finance,geoffrey.watkins@example.com,102616.02,2015-10-01
21,Melissa,Hill,25,HR,melissa.hill@example.com,49089.07,2014-11-02
22,Penny,Clark,49,Sales,penny.clark@example.com,65903.69,2022-11-14
23,Jennifer,Nash,52,Finance,jennifer.nash@example.com,108480.04,2014-09-05
24,Peter,Quinn,59,Marketing,peter.quinn@example.com,59744.48,2022-09-03
25,Teresa,Cook,35,Finance,teresa.cook@example.com,114487.17,2019-04-14
26,Daniel,Cantu,52,Finance,daniel.cantu@example.com,100628.53,2015-07-14
27,Scott,Ward,30,Sales,scott.ward@example.com,62768.62,2018-12-27
28,Alison,Crawford,63,IT,alison.crawford@example.com,105248.14,2022-06-04
29,Charles,Vaughan,40,HR,charles.vaughan@example.com,101983.26,2019-08-04
30,Mark,Barker,50,HR,mark.barker@example.com,110428.0,2015-06-26
31,Alexandria,Bennett,24,Finance,alexandria.bennett@example.com,116104.06,2018-05-14
32,Billy,Love,60,HR,billy.love@example.com,62026.79,2021-11-26
33,Curtis,Bonilla,23,IT,curtis.bonilla@example.com,81483.99,2018-10-17
34,Jose,Mitchell,61,Sales,jose.mitchell@example.com,41693.69,2014-11-17
35,Jason,Campbell,32,Sales,jason.campbell@example.com,103489.44,2015-02-19
36,Steven,Daniels,36,Sales,steven.daniels@example.com,93688.4,2021-05-04
37,Mary,Turner,28,Finance,mary.turner@example.com,92070.04,2018-06-08
38,Jeffrey,Webb,51,IT,jeffrey.webb@example.com,48150.93,2023-03-20
39,William,Robinson,41,Sales,william.robinson@example.com,118743.98,2019-04-25
40,Emma,Huff,26,HR,emma.huff@example.com,44184.84,2015-05-28
41,Stephen,Hall,57,Marketing,stephen.hall@example.com,117395.73,2017-04-14
42,Lauren,Sharp,32,HR,lauren.sharp@example.com,38026.47,2017-06-25
43,Steven,Stevens,49,IT,steven.stevens@example.com,49457.09,2017-05-13
44,Julie,Castro,41,HR,julie.castro@example.com,52968.31,2021-08-21
45,Douglas,Warren,39,Marketing,douglas.warren@example.com,30404.72,2019-02-25
46,Daniel,Lambert,34,Sales,daniel.lambert@example.com,45426.31,2022-01-01
47,Lindsey,Jones,23,IT,lindsey.jones@example.com,96882.06,2014-09-09
48,Sonia,Smith,29,HR,sonia.smith@example.com,81935.28,2015-06-12
49,Michael,Beltran,32,Finance,michael.beltran@example.com,54233.58,2021-06-20
50,Jasmin,Hall,55,IT,jasmin.hall@example.com,109596.25,2015-10-26
51,Melanie,Hoffman,62,Finance,melanie.hoffman@example.com,44014.4,2015-03-23
52,Miranda,Foster,34,IT,miranda.foster@example.com,70889.53,2017-12-11
53,Patricia,Rivera,61,IT,patricia.rivera@example.com,64526.93,2019-05-17
54,Randy,Guerra,54,HR,randy.guerra@example.com,108292.85,2022-08-15
55,Laura,Page,45,Finance,laura.page@example.com,43288.45,2020-05-27
56,Steven,Molina,63,HR,steven.molina@example.com,40967.87,2014-09-13
57,Catherine,Mayer,42,IT,catherine.mayer@example.com,75566.74,2019-03-18
58,Anthony,Case,39,HR,anthony.case@example.com,37169.52,2019-03-12
59,Norman,Olson,50,Finance,norman.olson@example.com,65941.06,2022-09-15
60,Jacob,Phillips,39,Finance,jacob.phillips@example.com,39916.61,2022-04-20
61,Brian,Johnson,22,HR,brian.johnson@example.com,36900.17,2019-04-07
62,Sydney,Morgan,35,HR,sydney.morgan@example.com,46648.54,2016-06-20
63,Stephanie,Garcia,46,Marketing,stephanie.garcia@example.com,100568.99,2021-07-03
64,Eric,Smith,40,HR,eric.smith@example.com,63241.67,2021-02-22
65,David,Morse,42,Sales,david.morse@example.com,109933.05,2020-05-21
66,Brett,West,44,HR,brett.west@example.com,81312.71,2020-05-26
67,Shannon,Reese,44,Finance,shannon.reese@example.com,99584.45,2017-05-19
68,Douglas,White,33,Finance,douglas.white@example.com,67475.51,2015-04-02
69,Jessica,Knapp,31,HR,jessica.knapp@example.com,107818.43,2017-07-12
70,Andre,Alvarez,38,Finance,andre.alvarez@example.com,41005.63,2018-11-23
71,Jennifer,Davis,52,Finance,jennifer.davis@example.com,78623.03,2021-01-07
72,Cody,Mccall,28,Marketing,cody.mccall@example.com,91811.2,2017-08-30
73,Timothy,Hernandez,63,HR,timothy.hernandez@example.com,40219.89,2023-12-23
74,John,Mann,35,Finance,john.mann@example.com,104477.15,2018-05-22
75,Sabrina,Richardson,40,Marketing,sabrina.richardson@example.com,37470.39,2022-03-19
76,Dawn,Arroyo,41,IT,dawn.arroyo@example.com,31003.1,2020-08-12
77,Melissa,Hughes,30,IT,melissa.hughes@example.com,57100.18,2021-01-11
78,Kristen,Mcbride,23,Finance,kristen.mcbride@example.com,98795.73,2014-10-29
79,Kyle,Alvarado,64,HR,kyle.alvarado@example.com,109590.19,2019-07-20
80,John,Fisher,62,Finance,john.fisher@example.com,88005.74,2020-02-07
81,Taylor,Rodriguez,36,Marketing,taylor.rodriguez@example.com,99832.06,2020-04-12
82,Heather,Hayes,54,Marketing,heather.hayes@example.com,52030.94,2021-06-18
83,Kayla,Prince,22,Finance,kayla.prince@example.com,65494.6,2018-09-03
84,Steven,Nguyen,51,Marketing,steven.nguyen@example.com,64189.19,2015-04-26
85,Sandra,Lawson,30,IT,sandra.lawson@example.com,105354.43,2023-07-25
86,Shannon,White,48,Finance,shannon.white@example.com,77881.84,2015-03-24
87,William,Hayes,26,Marketing,william.hayes@example.com,52248.64,2016-01-26
88,Jonathan,Lopez,41,IT,jonathan.lopez@example.com,111093.96,2021-01-14
89,Jennifer,Hood,61,Marketing,jennifer.hood@example.com,83929.95,2015-07-05
90,Andrea,Jones,47,HR,andrea.jones@example.com,106300.38,2015-02-21
91,Mark,Ewing,26,Finance,mark.ewing@example.com,34919.14,2017-05-12
92,Ryan,Foster,24,HR,ryan.foster@example.com,119170.03,2015-04-07
93,Donna,George,57,IT,donna.george@example.com,81697.45,2019-11-18
94,William,Dixon,23,Sales,william.dixon@example.com,76540.06,2019-10-03
95,William,White,24,Finance,william.white@example.com,75331.86,2014-06-22
96,Angela,Cook,40,Finance,angela.cook@example.com,56448.91,2023-07-19
97,Tasha,Martinez,37,IT,tasha.martinez@example.com,78144.32,2022-01-02
98,Susan,Steele,33,Marketing,susan.steele@example.com,81010.35,2022-04-03
99,Timothy,Hull,22,HR,timothy.hull@example.com,73152.87,2018-05-12
100,Debra,Jones,54,Marketing,debra.jones@example.com,107227.18,2023-03-27
